,블록명,중량,표준공기,납기,사이즈,최대길이,면적,최소착수요구일,날짜순서,공기순서,크기순서,우선순위,정반명,착수일자,상태정보,종료일자,차트텍스트
0,S15,139,10,2023-11-13,"(15, 14)",15,210,2023-11-03,4.0,42.0,40.0,5.5,A,2023-10-27,정상배치완료,2023-11-06,S15/납기:2023-11-13/최소착수요구일:2023-11-03/착수일자:2023-10-27/종료일자:2023-11-06
1,S24,56,12,2023-11-21,"(18, 14)",18,252,2023-11-09,9.5,22.0,29.0,5.6,B,2023-11-02,정상배치완료,2023-11-14,S24/납기:2023-11-21/최소착수요구일:2023-11-09/착수일자:2023-11-02/종료일자:2023-11-14
2,S33,33,13,2023-11-27,"(19, 15)",19,285,2023-11-14,14.5,12.5,6.0,5.9,B,2023-11-07,정상배치완료,2023-11-20,S33/납기:2023-11-27/최소착수요구일:2023-11-14/착수일자:2023-11-07/종료일자:2023-11-20
3,S19,21,12,2023-11-15,"(14, 7)",14,98,2023-11-03,4.0,22.0,102.5,6.2,B,2023-10-27,정상배치완료,2023-11-08,S19/납기:2023-11-15/최소착수요구일:2023-11-03/착수일자:2023-10-27/종료일자:2023-11-08
4,S16,24,11,2023-11-14,"(14, 5)",14,70,2023-11-03,4.0,33.0,112.5,7.3,B,2023-10-27,정상배치완료,2023-11-07,S16/납기:2023-11-14/최소착수요구일:2023-11-03/착수일자:2023-10-27/종료일자:2023-11-07
5,S25,98,11,2023-11-21,"(19, 13)",19,247,2023-11-10,12.0,33.0,36.0,7.4,A,2023-11-03,정상배치완료,2023-11-14,S25/납기:2023-11-21/최소착수요구일:2023-11-10/착수일자:2023-11-03/종료일자:2023-11-14
6,S21,82,8,2023-11-17,"(17, 15)",17,255,2023-11-09,9.5,69.0,15.5,8.3,,,최선조기착수 후보날짜가 없음,,S21/납기:2023-11-17/최소착수요구일:2023-11-09/착수일자:nan/종료일자:None
7,S17,68,8,2023-11-14,"(15, 13)",15,195,2023-11-06,6.5,69.0,58.0,8.7,,,최선조기착수 후보날짜가 없음,,S17/납기:2023-11-14/최소착수요구일:2023-11-06/착수일자:nan/종료일자:None
8,S32,84,10,2023-11-27,"(17, 15)",17,255,2023-11-17,17.0,42.0,15.5,9.0,A,2023-11-10,정상배치완료,2023-11-20,S32/납기:2023-11-27/최소착수요구일:2023-11-17/착수일자:2023-11-10/종료일자:2023-11-20
9,S18,21,9,2023-11-15,"(14, 7)",14,98,2023-11-06,6.5,52.0,102.5,9.0,B,2023-10-30,정상배치완료,2023-11-08,S18/납기:2023-11-15/최소착수요구일:2023-11-06/착수일자:2023-10-30/종료일자:2023-11-08
10,S14,67,7,2023-11-09,"(13, 13)",13,169,2023-11-02,1.5,93.5,71.0,9.1,B,2023-10-26,정상배치완료,2023-11-02,S14/납기:2023-11-09/최소착수요구일:2023-11-02/착수일자:2023-10-26/종료일자:2023-11-02
11,S13,131,6,2023-11-08,"(15, 14)",15,210,2023-11-02,1.5,109.5,40.0,9.1,,,최선조기착수 후보날짜가 없음,,S13/납기:2023-11-08/최소착수요구일:2023-11-02/착수일자:nan/종료일자:None
12,S20,76,8,2023-11-15,"(14, 13)",14,182,2023-11-07,8.0,69.0,67.0,9.5,,,최선조기착수 후보날짜가 없음,,S20/납기:2023-11-15/최소착수요구일:2023-11-07/착수일자:nan/종료일자:None
13,S22,41,11,2023-11-21,"(17, 5)",17,85,2023-11-10,12.0,33.0,107.5,9.8,A,2023-11-03,정상배치완료,2023-11-14,S22/납기:2023-11-21/최소착수요구일:2023-11-10/착수일자:2023-11-03/종료일자:2023-11-14
14,S23,20,11,2023-11-21,"(17, 5)",17,85,2023-11-10,12.0,33.0,107.5,9.8,A,2023-11-03,정상배치완료,2023-11-14,S23/납기:2023-11-21/최소착수요구일:2023-11-10/착수일자:2023-11-03/종료일자:2023-11-14
15,S26,42,9,2023-11-23,"(12, 11)",12,132,2023-11-14,14.5,52.0,82.5,11.0,A,2023-11-14,정상배치완료,2023-11-23,S26/납기:2023-11-23/최소착수요구일:2023-11-14/착수일자:2023-11-14/종료일자:2023-11-23
16,S36,79,9,2023-12-01,"(17, 15)",17,255,2023-11-22,21.5,52.0,15.5,11.1,B,2023-11-16,정상배치완료,2023-11-25,S36/납기:2023-12-01/최소착수요구일:2023-11-22/착수일자:2023-11-16/종료일자:2023-11-25
17,S27,106,8,2023-11-23,"(19, 13)",19,247,2023-11-15,16.0,69.0,36.0,11.1,A,2023-11-14,정상배치완료,2023-11-22,S27/납기:2023-11-23/최소착수요구일:2023-11-15/착수일자:2023-11-14/종료일자:2023-11-22
18,S35,67,7,2023-11-29,"(17, 15)",17,255,2023-11-22,21.5,93.5,15.5,13.9,B,2023-11-20,정상배치완료,2023-11-27,S35/납기:2023-11-29/최소착수요구일:2023-11-22/착수일자:2023-11-20/종료일자:2023-11-27
19,S45,93,11,2023-12-12,"(15, 13)",15,195,2023-12-01,30.0,33.0,58.0,14.1,A,2023-11-25,정상배치완료,2023-12-06,S45/납기:2023-12-12/최소착수요구일:2023-12-01/착수일자:2023-11-25/종료일자:2023-12-06
20,S49,56,12,2023-12-19,"(18, 14)",18,252,2023-12-07,35.5,22.0,29.0,14.3,B,2023-11-30,정상배치완료,2023-12-12,S49/납기:2023-12-19/최소착수요구일:2023-12-07/착수일자:2023-11-30/종료일자:2023-12-12
21,S41,101,9,2023-12-08,"(14, 14)",14,196,2023-11-29,29.0,52.0,51.5,14.8,B,2023-11-25,정상배치완료,2023-12-04,S41/납기:2023-12-08/최소착수요구일:2023-11-29/착수일자:2023-11-25/종료일자:2023-12-04
22,S34,39,7,2023-11-27,"(12, 11)",12,132,2023-11-20,18.0,93.5,82.5,15.0,A,2023-11-14,정상배치완료,2023-11-21,S34/납기:2023-11-27/최소착수요구일:2023-11-20/착수일자:2023-11-14/종료일자:2023-11-21
23,S39,85,8,2023-12-06,"(14, 14)",14,196,2023-11-28,27.0,69.0,51.5,15.3,A,2023-11-22,정상배치완료,2023-11-30,S39/납기:2023-12-06/최소착수요구일:2023-11-28/착수일자:2023-11-22/종료일자:2023-11-30
24,S46,38,12,2023-12-18,"(15, 8)",15,120,2023-12-06,34.0,22.0,87.5,15.7,B,2023-11-29,정상배치완료,2023-12-11,S46/납기:2023-12-18/최소착수요구일:2023-12-06/착수일자:2023-11-29/종료일자:2023-12-11
25,S40,53,9,2023-12-07,"(15, 7)",15,105,2023-11-28,27.0,52.0,98.5,15.8,B,2023-11-21,정상배치완료,2023-11-30,S40/납기:2023-12-07/최소착수요구일:2023-11-28/착수일자:2023-11-21/종료일자:2023-11-30
26,S47,38,11,2023-12-18,"(15, 8)",15,120,2023-12-07,35.5,33.0,87.5,17.0,A,2023-11-30,정상배치완료,2023-12-11,S47/납기:2023-12-18/최소착수요구일:2023-12-07/착수일자:2023-11-30/종료일자:2023-12-11
27,S52,56,9,2023-12-20,"(18, 14)",18,252,2023-12-11,38.5,52.0,29.0,17.3,B,2023-12-04,정상배치완료,2023-12-13,S52/납기:2023-12-20/최소착수요구일:2023-12-11/착수일자:2023-12-04/종료일자:2023-12-13
28,S38,53,7,2023-12-04,"(15, 7)",15,105,2023-11-27,25.0,93.5,98.5,17.8,A,2023-11-20,정상배치완료,2023-11-27,S38/납기:2023-12-04/최소착수요구일:2023-11-27/착수일자:2023-11-20/종료일자:2023-11-27
29,S51,67,8,2023-12-19,"(17, 15)",17,255,2023-12-11,38.5,69.0,15.5,18.0,A,2023-12-05,정상배치완료,2023-12-13,S51/납기:2023-12-19/최소착수요구일:2023-12-11/착수일자:2023-12-05/종료일자:2023-12-13
30,S50,79,8,2023-12-19,"(17, 15)",17,255,2023-12-11,38.5,69.0,15.5,18.0,A,2023-12-07,정상배치완료,2023-12-15,S50/납기:2023-12-19/최소착수요구일:2023-12-11/착수일자:2023-12-07/종료일자:2023-12-15
31,S57,67,12,2023-12-25,"(13, 13)",13,169,2023-12-13,42.5,22.0,71.0,18.0,A,2023-12-13,정상배치완료,2023-12-25,S57/납기:2023-12-25/최소착수요구일:2023-12-13/착수일자:2023-12-13/종료일자:2023-12-25
32,S67,56,15,2024-01-05,"(18, 14)",18,252,2023-12-21,51.0,6.0,29.0,18.4,B,2023-12-16,정상배치완료,2023-12-31,S67/납기:2024-01-05/최소착수요구일:2023-12-21/착수일자:2023-12-16/종료일자:2023-12-31
33,S62,56,13,2024-01-02,"(18, 14)",18,252,2023-12-20,50.0,12.5,29.0,18.5,B,2023-12-14,정상배치완료,2023-12-27,S62/납기:2024-01-02/최소착수요구일:2023-12-20/착수일자:2023-12-14/종료일자:2023-12-27
34,S30,10,5,2023-11-27,"(14, 4)",14,56,2023-11-22,21.5,113.5,115.5,18.6,B,2023-11-16,정상배치완료,2023-11-21,S30/납기:2023-11-27/최소착수요구일:2023-11-22/착수일자:2023-11-16/종료일자:2023-11-21
35,S28,10,5,2023-11-27,"(14, 4)",14,56,2023-11-22,21.5,113.5,115.5,18.6,B,2023-11-16,정상배치완료,2023-11-21,S28/납기:2023-11-27/최소착수요구일:2023-11-22/착수일자:2023-11-16/종료일자:2023-11-21
36,S29,9,5,2023-11-27,"(6, 4)",6,24,2023-11-22,21.5,113.5,119.5,18.7,A,2023-11-15,정상배치완료,2023-11-20,S29/납기:2023-11-27/최소착수요구일:2023-11-22/착수일자:2023-11-15/종료일자:2023-11-20
37,S31,9,5,2023-11-27,"(6, 4)",6,24,2023-11-22,21.5,113.5,119.5,18.7,A,2023-11-15,정상배치완료,2023-11-20,S31/납기:2023-11-27/최소착수요구일:2023-11-22/착수일자:2023-11-15/종료일자:2023-11-20
38,S43,41,8,2023-12-12,"(17, 5)",17,85,2023-12-04,32.0,69.0,107.5,18.8,A,2023-11-27,정상배치완료,2023-12-05,S43/납기:2023-12-12/최소착수요구일:2023-12-04/착수일자:2023-11-27/종료일자:2023-12-05
39,S44,20,8,2023-12-12,"(17, 5)",17,85,2023-12-04,32.0,69.0,107.5,18.8,A,2023-11-27,정상배치완료,2023-12-05,S44/납기:2023-12-12/최소착수요구일:2023-12-04/착수일자:2023-11-27/종료일자:2023-12-05
40,S37,37,6,2023-12-04,"(14, 9)",14,126,2023-11-28,27.0,109.5,84.0,19.1,B,2023-11-25,정상배치완료,2023-12-01,S37/납기:2023-12-04/최소착수요구일:2023-11-28/착수일자:2023-11-25/종료일자:2023-12-01
41,S64,38,15,2024-01-03,"(15, 8)",15,120,2023-12-19,48.0,6.0,87.5,19.3,A,2023-12-12,정상배치완료,2023-12-27,S64/납기:2024-01-03/최소착수요구일:2023-12-19/착수일자:2023-12-12/종료일자:2023-12-27
42,S63,38,15,2024-01-03,"(15, 8)",15,120,2023-12-19,48.0,6.0,87.5,19.3,B,2023-12-15,정상배치완료,2023-12-30,S63/납기:2024-01-03/최소착수요구일:2023-12-19/착수일자:2023-12-15/종료일자:2023-12-30
43,S42,57,4,2023-12-08,"(14, 12)",14,168,2023-12-04,32.0,117.5,75.0,21.0,,,최선조기착수 후보날짜가 없음,,S42/납기:2023-12-08/최소착수요구일:2023-12-04/착수일자:nan/종료일자:None
44,S58,84,8,2023-12-27,"(17, 15)",17,255,2023-12-19,48.0,69.0,15.5,21.1,A,2023-12-18,정상배치완료,2023-12-26,S58/납기:2023-12-27/최소착수요구일:2023-12-19/착수일자:2023-12-18/종료일자:2023-12-26
45,S55,66,8,2023-12-21,"(13, 13)",13,169,2023-12-13,42.5,69.0,71.0,21.1,,,최선조기착수 후보날짜가 없음,,S55/납기:2023-12-21/최소착수요구일:2023-12-13/착수일자:nan/종료일자:None
46,S59,53,10,2023-12-28,"(15, 7)",15,105,2023-12-18,45.5,42.0,98.5,21.2,,,최선조기착수 후보날짜가 없음,,S59/납기:2023-12-28/최소착수요구일:2023-12-18/착수일자:nan/종료일자:None
47,S70,85,13,2024-01-09,"(14, 14)",14,196,2023-12-27,57.0,12.5,51.5,21.6,A,2023-12-23,정상배치완료,2024-01-05,S70/납기:2024-01-09/최소착수요구일:2023-12-27/착수일자:2023-12-23/종료일자:2024-01-05
48,S56,82,7,2023-12-25,"(17, 15)",17,255,2023-12-18,45.5,93.5,15.5,21.9,,,최선조기착수 후보날짜가 없음,,S56/납기:2023-12-25/최소착수요구일:2023-12-18/착수일자:nan/종료일자:None
49,S48,63,7,2023-12-18,"(14, 8)",14,112,2023-12-11,38.5,93.5,94.0,22.2,,,최선조기착수 후보날짜가 없음,,S48/납기:2023-12-18/최소착수요구일:2023-12-11/착수일자:nan/종료일자:None
50,S68,101,10,2024-01-05,"(14, 14)",14,196,2023-12-26,54.5,42.0,51.5,22.7,,,최선조기착수 후보날짜가 없음,,S68/납기:2024-01-05/최소착수요구일:2023-12-26/착수일자:nan/종료일자:None
51,S65,41,11,2024-01-05,"(17, 5)",17,85,2023-12-25,52.5,33.0,107.5,23.3,,,최선조기착수 후보날짜가 없음,,S65/납기:2024-01-05/최소착수요구일:2023-12-25/착수일자:nan/종료일자:None
52,S66,20,11,2024-01-05,"(17, 5)",17,85,2023-12-25,52.5,33.0,107.5,23.3,,,최선조기착수 후보날짜가 없음,,S66/납기:2024-01-05/최소착수요구일:2023-12-25/착수일자:nan/종료일자:None
53,S69,53,10,2024-01-05,"(15, 7)",15,105,2023-12-26,54.5,42.0,98.5,24.2,A,2023-12-26,정상배치완료,2024-01-05,S69/납기:2024-01-05/최소착수요구일:2023-12-26/착수일자:2023-12-26/종료일자:2024-01-05
54,S54,10,7,2023-12-20,"(14, 4)",14,56,2023-12-13,42.5,93.5,115.5,24.2,,,최선조기착수 후보날짜가 없음,,S54/납기:2023-12-20/최소착수요구일:2023-12-13/착수일자:nan/종료일자:None
55,S53,10,7,2023-12-20,"(14, 4)",14,56,2023-12-13,42.5,93.5,115.5,24.2,A,2023-12-13,정상배치완료,2023-12-20,S53/납기:2023-12-20/최소착수요구일:2023-12-13/착수일자:2023-12-13/종료일자:2023-12-20
56,S81,38,12,2024-01-23,"(15, 8)",15,120,2024-01-11,66.5,22.0,87.5,26.6,A,2024-01-04,정상배치완료,2024-01-16,S81/납기:2024-01-23/최소착수요구일:2024-01-11/착수일자:2024-01-04/종료일자:2024-01-16
57,S82,38,12,2024-01-23,"(15, 8)",15,120,2024-01-11,66.5,22.0,87.5,26.6,A,2024-01-04,정상배치완료,2024-01-16,S82/납기:2024-01-23/최소착수요구일:2024-01-11/착수일자:2024-01-04/종료일자:2024-01-16
58,S71,82,7,2024-01-12,"(17, 15)",17,255,2024-01-05,60.0,93.5,15.5,26.8,B,2023-12-29,정상배치완료,2024-01-05,S71/납기:2024-01-12/최소착수요구일:2024-01-05/착수일자:2023-12-29/종료일자:2024-01-05
59,S86,56,11,2024-01-29,"(18, 14)",18,252,2024-01-18,73.0,33.0,29.0,27.5,B,2024-01-11,정상배치완료,2024-01-22,S86/납기:2024-01-29/최소착수요구일:2024-01-18/착수일자:2024-01-11/종료일자:2024-01-22
60,S75,67,7,2024-01-15,"(17, 15)",17,255,2024-01-08,63.0,93.5,15.5,27.8,B,2024-01-01,정상배치완료,2024-01-08,S75/납기:2024-01-15/최소착수요구일:2024-01-08/착수일자:2024-01-01/종료일자:2024-01-08
61,S74,79,7,2024-01-15,"(17, 15)",17,255,2024-01-08,63.0,93.5,15.5,27.8,A,2024-01-05,정상배치완료,2024-01-12,S74/납기:2024-01-15/최소착수요구일:2024-01-08/착수일자:2024-01-05/종료일자:2024-01-12
62,S83,31,9,2024-01-24,"(16, 13)",16,208,2024-01-15,69.0,52.0,45.0,28.0,B,2024-01-10,정상배치완료,2024-01-19,S83/납기:2024-01-24/최소착수요구일:2024-01-15/착수일자:2024-01-10/종료일자:2024-01-19
63,S73,66,7,2024-01-12,"(13, 13)",13,169,2024-01-05,60.0,93.5,71.0,28.6,A,2023-12-29,정상배치완료,2024-01-05,S73/납기:2024-01-12/최소착수요구일:2024-01-05/착수일자:2023-12-29/종료일자:2024-01-05
64,S72,67,7,2024-01-12,"(13, 13)",13,169,2024-01-05,60.0,93.5,71.0,28.6,,,최선조기착수 후보날짜가 없음,,S72/납기:2024-01-12/최소착수요구일:2024-01-05/착수일자:nan/종료일자:None
65,S90,81,9,2024-01-31,"(31, 12)",31,372,2024-01-22,76.0,52.0,3.5,28.9,,,최선조기착수 후보날짜가 없음,,S90/납기:2024-01-31/최소착수요구일:2024-01-22/착수일자:nan/종료일자:None
66,S94,23,19,2024-02-13,"(15, 10)",15,150,2024-01-25,80.0,1.5,78.5,29.4,A,2024-01-18,정상배치완료,2024-02-06,S94/납기:2024-02-13/최소착수요구일:2024-01-25/착수일자:2024-01-18/종료일자:2024-02-06
67,S77,84,6,2024-01-16,"(17, 15)",17,255,2024-01-10,65.0,109.5,15.5,29.5,,,최선조기착수 후보날짜가 없음,,S77/납기:2024-01-16/최소착수요구일:2024-01-10/착수일자:nan/종료일자:None
68,S97,59,19,2024-02-14,"(14, 11)",14,154,2024-01-26,82.0,1.5,76.0,30.0,B,2024-01-19,정상배치완료,2024-02-07,S97/납기:2024-02-14/최소착수요구일:2024-01-26/착수일자:2024-01-19/종료일자:2024-02-07
69,S76,52,7,2024-01-15,"(15, 7)",15,105,2024-01-08,63.0,93.5,98.5,30.5,B,2024-01-02,정상배치완료,2024-01-09,S76/납기:2024-01-15/최소착수요구일:2024-01-08/착수일자:2024-01-02/종료일자:2024-01-09
70,S80,56,7,2024-01-23,"(18, 14)",18,252,2024-01-16,70.5,93.5,29.0,30.7,A,2024-01-12,정상배치완료,2024-01-19,S80/납기:2024-01-23/최소착수요구일:2024-01-16/착수일자:2024-01-12/종료일자:2024-01-19
71,S60,9,2,2023-12-29,"(6, 4)",6,24,2023-12-27,57.0,121.5,119.5,31.1,A,2023-12-20,정상배치완료,2023-12-22,S60/납기:2023-12-29/최소착수요구일:2023-12-27/착수일자:2023-12-20/종료일자:2023-12-22
72,S105,32,18,2024-02-20,"(15, 13)",15,195,2024-02-02,87.0,3.0,58.0,31.1,A,2024-01-26,정상배치완료,2024-02-13,S105/납기:2024-02-20/최소착수요구일:2024-02-02/착수일자:2024-01-26/종료일자:2024-02-13
73,S61,9,2,2023-12-29,"(6, 4)",6,24,2023-12-27,57.0,121.5,119.5,31.1,B,2023-12-20,정상배치완료,2023-12-22,S61/납기:2023-12-29/최소착수요구일:2023-12-27/착수일자:2023-12-20/종료일자:2023-12-22
74,S84,53,8,2024-01-25,"(15, 10)",15,150,2024-01-17,72.0,69.0,78.5,31.2,B,2024-01-11,정상배치완료,2024-01-19,S84/납기:2024-01-25/최소착수요구일:2024-01-17/착수일자:2024-01-11/종료일자:2024-01-19
75,S96,28,15,2024-02-13,"(13, 9)",13,117,2024-01-29,83.5,6.0,91.5,31.3,B,2024-01-22,정상배치완료,2024-02-06,S96/납기:2024-02-13/최소착수요구일:2024-01-29/착수일자:2024-01-22/종료일자:2024-02-06
76,S99,23,15,2024-02-14,"(15, 10)",15,150,2024-01-30,85.0,6.0,78.5,31.4,B,2024-01-23,정상배치완료,2024-02-07,S99/납기:2024-02-14/최소착수요구일:2024-01-30/착수일자:2024-01-23/종료일자:2024-02-07
77,S87,84,7,2024-01-29,"(17, 15)",17,255,2024-01-22,76.0,93.5,15.5,32.1,A,2024-01-16,정상배치완료,2024-01-23,S87/납기:2024-01-29/최소착수요구일:2024-01-22/착수일자:2024-01-16/종료일자:2024-01-23
78,S78,52,7,2024-01-19,"(15, 7)",15,105,2024-01-12,68.0,93.5,98.5,32.2,A,2024-01-05,정상배치완료,2024-01-12,S78/납기:2024-01-19/최소착수요구일:2024-01-12/착수일자:2024-01-05/종료일자:2024-01-12
79,S98,32,12,2024-02-14,"(15, 13)",15,195,2024-02-02,87.0,22.0,58.0,32.4,A,2024-01-26,정상배치완료,2024-02-07,S98/납기:2024-02-14/최소착수요구일:2024-02-02/착수일자:2024-01-26/종료일자:2024-02-07
80,S79,31,4,2024-01-20,"(16, 13)",16,208,2024-01-16,70.5,117.5,45.0,32.8,,,최선조기착수 후보날짜가 없음,,S79/납기:2024-01-20/최소착수요구일:2024-01-16/착수일자:nan/종료일자:None
81,S103,27,13,2024-02-15,"(13, 9)",13,117,2024-02-02,87.0,12.5,91.5,32.9,B,2024-01-27,정상배치완료,2024-02-09,S103/납기:2024-02-15/최소착수요구일:2024-02-02/착수일자:2024-01-27/종료일자:2024-02-09
82,S102,79,10,2024-02-15,"(17, 15)",17,255,2024-02-05,89.5,42.0,15.5,33.2,,,최선조기착수 후보날짜가 없음,,S102/납기:2024-02-15/최소착수요구일:2024-02-05/착수일자:nan/종료일자:None
83,S85,53,7,2024-01-26,"(15, 10)",15,150,2024-01-19,74.0,93.5,78.5,33.5,B,2024-01-19,정상배치완료,2024-01-26,S85/납기:2024-01-26/최소착수요구일:2024-01-19/착수일자:2024-01-19/종료일자:2024-01-26
84,S89,67,7,2024-01-29,"(13, 13)",13,169,2024-01-22,76.0,93.5,71.0,33.9,B,2024-01-16,정상배치완료,2024-01-23,S89/납기:2024-01-29/최소착수요구일:2024-01-22/착수일자:2024-01-16/종료일자:2024-01-23
85,S104,74,12,2024-02-19,"(14, 10)",14,140,2024-02-07,91.0,22.0,81.0,34.5,B,2024-01-31,정상배치완료,2024-02-12,S104/납기:2024-02-19/최소착수요구일:2024-02-07/착수일자:2024-01-31/종료일자:2024-02-12
86,S95,67,8,2024-02-13,"(17, 15)",17,255,2024-02-05,89.5,69.0,15.5,34.9,,,최선조기착수 후보날짜가 없음,,S95/납기:2024-02-13/최소착수요구일:2024-02-05/착수일자:nan/종료일자:None
87,S112,87,11,2024-02-26,"(31, 12)",31,372,2024-02-15,98.5,33.0,3.5,35.2,,,최선조기착수 후보날짜가 없음,,S112/납기:2024-02-26/최소착수요구일:2024-02-15/착수일자:nan/종료일자:None
88,S88,66,6,2024-01-29,"(13, 13)",13,169,2024-01-23,78.0,109.5,71.0,35.7,A,2024-01-20,정상배치완료,2024-01-26,S88/납기:2024-01-29/최소착수요구일:2024-01-23/착수일자:2024-01-20/종료일자:2024-01-26
89,S93,82,4,2024-02-02,"(17, 15)",17,255,2024-01-29,83.5,117.5,15.5,36.2,,,최선조기착수 후보날짜가 없음,,S93/납기:2024-02-02/최소착수요구일:2024-01-29/착수일자:nan/종료일자:None
90,S111,36,11,2024-02-26,"(16, 13)",16,208,2024-02-15,98.5,33.0,45.0,36.5,B,2024-02-08,정상배치완료,2024-02-19,S111/납기:2024-02-26/최소착수요구일:2024-02-15/착수일자:2024-02-08/종료일자:2024-02-19
91,S92,20,7,2024-02-01,"(17, 5)",17,85,2024-01-25,80.0,93.5,107.5,36.5,B,2024-01-22,정상배치완료,2024-01-29,S92/납기:2024-02-01/최소착수요구일:2024-01-25/착수일자:2024-01-22/종료일자:2024-01-29
92,S91,41,7,2024-02-01,"(17, 5)",17,85,2024-01-25,80.0,93.5,107.5,36.5,,,최선조기착수 후보날짜가 없음,,S91/납기:2024-02-01/최소착수요구일:2024-01-25/착수일자:nan/종료일자:None
93,S108,55,9,2024-02-23,"(18, 11)",18,198,2024-02-14,96.0,52.0,48.0,37.1,A,2024-02-07,정상배치완료,2024-02-16,S108/납기:2024-02-23/최소착수요구일:2024-02-14/착수일자:2024-02-07/종료일자:2024-02-16
94,S109,59,9,2024-02-23,"(14, 8)",14,112,2024-02-14,96.0,52.0,94.0,38.6,B,2024-02-07,정상배치완료,2024-02-16,S109/납기:2024-02-23/최소착수요구일:2024-02-14/착수일자:2024-02-07/종료일자:2024-02-16
95,S107,24,9,2024-02-23,"(14, 5)",14,70,2024-02-14,96.0,52.0,112.5,39.2,B,2024-02-07,정상배치완료,2024-02-16,S107/납기:2024-02-23/최소착수요구일:2024-02-14/착수일자:2024-02-07/종료일자:2024-02-16
96,S106,53,7,2024-02-20,"(17, 11)",17,187,2024-02-13,93.0,93.5,66.0,39.4,A,2024-02-07,정상배치완료,2024-02-14,S106/납기:2024-02-20/최소착수요구일:2024-02-13/착수일자:2024-02-07/종료일자:2024-02-14
97,S119,33,10,2024-03-04,"(16, 13)",16,208,2024-02-23,105.5,42.0,45.0,39.5,A,2024-02-16,정상배치완료,2024-02-26,S119/납기:2024-03-04/최소착수요구일:2024-02-23/착수일자:2024-02-16/종료일자:2024-02-26
98,S127,56,13,2024-03-13,"(18, 14)",18,252,2024-02-29,113.0,12.5,29.0,39.5,A,2024-02-22,정상배치완료,2024-03-06,S127/납기:2024-03-13/최소착수요구일:2024-02-29/착수일자:2024-02-22/종료일자:2024-03-06
99,S126,56,13,2024-03-13,"(18, 14)",18,252,2024-02-29,113.0,12.5,29.0,39.5,B,2024-02-22,정상배치완료,2024-03-06,S126/납기:2024-03-13/최소착수요구일:2024-02-29/착수일자:2024-02-22/종료일자:2024-03-06
100,S123,56,13,2024-03-13,"(18, 14)",18,252,2024-02-29,113.0,12.5,29.0,39.5,B,2024-02-23,정상배치완료,2024-03-07,S123/납기:2024-03-13/최소착수요구일:2024-02-29/착수일자:2024-02-23/종료일자:2024-03-07
101,S122,56,13,2024-03-13,"(18, 14)",18,252,2024-02-29,113.0,12.5,29.0,39.5,A,2024-02-26,정상배치완료,2024-03-10,S122/납기:2024-03-13/최소착수요구일:2024-02-29/착수일자:2024-02-26/종료일자:2024-03-10
102,S113,24,8,2024-02-27,"(14, 14)",14,196,2024-02-19,101.0,69.0,51.5,40.0,A,2024-02-13,정상배치완료,2024-02-21,S113/납기:2024-02-27/최소착수요구일:2024-02-19/착수일자:2024-02-13/종료일자:2024-02-21
103,S116,106,8,2024-02-29,"(19, 13)",19,247,2024-02-21,103.0,69.0,36.0,40.1,A,2024-02-14,정상배치완료,2024-02-22,S116/납기:2024-02-29/최소착수요구일:2024-02-21/착수일자:2024-02-14/종료일자:2024-02-22
104,S115,129,8,2024-02-29,"(15, 14)",15,210,2024-02-21,103.0,69.0,40.0,40.3,,,최선조기착수 후보날짜가 없음,,S115/납기:2024-02-29/최소착수요구일:2024-02-21/착수일자:nan/종료일자:None
105,S124,131,12,2024-03-12,"(15, 14)",15,210,2024-02-29,113.0,22.0,40.0,40.5,,,최선조기착수 후보날짜가 없음,,S124/납기:2024-03-12/최소착수요구일:2024-02-29/착수일자:nan/종료일자:None
106,S114,24,8,2024-02-29,"(14, 14)",14,196,2024-02-21,103.0,69.0,51.5,40.6,B,2024-02-14,정상배치완료,2024-02-22,S114/납기:2024-02-29/최소착수요구일:2024-02-21/착수일자:2024-02-14/종료일자:2024-02-22
107,S120,91,9,2024-03-06,"(15, 13)",15,195,2024-02-26,107.5,52.0,58.0,41.2,,,최선조기착수 후보날짜가 없음,,S120/납기:2024-03-06/최소착수요구일:2024-02-26/착수일자:nan/종료일자:None
108,S120,131,12,2024-03-13,"(15, 14)",15,210,2024-03-01,116.0,22.0,40.0,41.5,,,최선조기착수 후보날짜가 없음,,S120/납기:2024-03-13/최소착수요구일:2024-03-01/착수일자:nan/종료일자:None
109,S116,91,9,2024-03-08,"(15, 13)",15,195,2024-02-28,109.5,52.0,58.0,41.9,A,2024-02-14,최선조기착수 후보날짜가 없음,2024-02-23,S116/납기:2024-03-08/최소착수요구일:2024-02-28/착수일자:2024-02-14/종료일자:2024-02-23
110,S110,59,7,2024-02-23,"(14, 8)",14,112,2024-02-16,100.0,93.5,94.0,42.7,B,2024-02-10,정상배치완료,2024-02-17,S110/납기:2024-02-23/최소착수요구일:2024-02-16/착수일자:2024-02-10/종료일자:2024-02-17
111,S118,32,7,2024-03-01,"(16, 13)",16,208,2024-02-23,105.5,93.5,45.0,42.9,,,최선조기착수 후보날짜가 없음,,S118/납기:2024-03-01/최소착수요구일:2024-02-23/착수일자:nan/종료일자:None
112,S121,74,8,2024-03-07,"(16, 12)",16,192,2024-02-28,109.5,69.0,63.5,43.2,A,2024-02-23,정상배치완료,2024-03-02,S121/납기:2024-03-07/최소착수요구일:2024-02-28/착수일자:2024-02-23/종료일자:2024-03-02
113,S101,2,2,2024-02-15,"(6, 3)",6,18,2024-02-13,93.0,121.5,122.5,43.2,B,2024-02-06,정상배치완료,2024-02-08,S101/납기:2024-02-15/최소착수요구일:2024-02-13/착수일자:2024-02-06/종료일자:2024-02-08
114,S100,2,2,2024-02-15,"(6, 3)",6,18,2024-02-13,93.0,121.5,122.5,43.2,B,2024-02-06,정상배치완료,2024-02-08,S100/납기:2024-02-15/최소착수요구일:2024-02-13/착수일자:2024-02-06/종료일자:2024-02-08
115,S125,33,8,2024-03-12,"(19, 15)",19,285,2024-03-04,118.0,69.0,6.0,44.1,,,최선조기착수 후보날짜가 없음,,S125/납기:2024-03-12/최소착수요구일:2024-03-04/착수일자:nan/종료일자:None
116,S121,33,8,2024-03-18,"(19, 15)",19,285,2024-03-10,121.0,69.0,6.0,45.1,A,2024-02-23,최선조기착수 후보날짜가 없음,2024-03-02,S121/납기:2024-03-18/최소착수요구일:2024-03-10/착수일자:2024-02-23/종료일자:2024-03-02
117,S122,83,7,2024-03-11,"(27, 15)",27,405,2024-03-04,118.0,93.5,1.5,45.6,A,2024-02-26,최선조기착수 후보날짜가 없음,2024-03-04,S122/납기:2024-03-11/최소착수요구일:2024-03-04/착수일자:2024-02-26/종료일자:2024-03-04
118,S117,68,4,2024-03-01,"(15, 13)",15,195,2024-02-26,107.5,117.5,58.0,45.6,B,2024-02-19,정상배치완료,2024-02-23,S117/납기:2024-03-01/최소착수요구일:2024-02-26/착수일자:2024-02-19/종료일자:2024-02-23
119,S118,83,7,2024-03-15,"(27, 15)",27,405,2024-03-08,120.0,93.5,1.5,46.3,,,최선조기착수 후보날짜가 없음,,S118/납기:2024-03-15/최소착수요구일:2024-03-08/착수일자:nan/종료일자:None
120,S117,74,8,2024-03-19,"(16, 12)",16,192,2024-03-11,122.5,69.0,63.5,47.6,B,2024-02-19,최선조기착수 후보날짜가 없음,2024-02-27,S117/납기:2024-03-19/최소착수요구일:2024-03-11/착수일자:2024-02-19/종료일자:2024-02-27
121,S123,74,7,2024-03-11,"(16, 12)",16,192,2024-03-04,118.0,93.5,63.5,47.7,B,2024-02-23,최선조기착수 후보날짜가 없음,2024-03-01,S123/납기:2024-03-11/최소착수요구일:2024-03-04/착수일자:2024-02-23/종료일자:2024-03-01
122,S119,74,7,2024-03-18,"(16, 12)",16,192,2024-03-11,122.5,93.5,63.5,49.2,A,2024-02-16,최선조기착수 후보날짜가 없음,2024-02-23,S119/납기:2024-03-18/최소착수요구일:2024-03-11/착수일자:2024-02-16/종료일자:2024-02-23
